{
  "head": {
    "english_temp": 1.0,
    "hindi_temp": 1.0,
    "english_bias": [
      0,
      0,
      0,
      0
    ],
    "hindi_bias": [
      0,
      0,
      0,
      0
    ]
  },
  "lora": {
    "english_temp": 1.0,
    "hindi_temp": 1.0,
    "english_bias": [
      -0.2853163955028701,
      -0.5298733059339017,
      -0.8559491865086102,
      0.1222784552155158
    ],
    "hindi_bias": [
      -0.04075948507183848,
      -2.2417716789511224,
      -0.4483543357902243,
      0.5298733059339017
    ]
  },
  "clues": {
    "english_temp": 1.0,
    "hindi_temp": 1.0,
    "english_bias": [
      0.8170238782650047,
      0.04300125675078997,
      0.21500628375394873,
      0.6450188512618459
    ],
    "hindi_bias": [
      2.021059067287117,
      2.021059067287117,
      -0.731021364763425,
      1.2470364457729022
    ]
  },
  "full": {
    "english_temp": 1.0,
    "hindi_temp": 1.0,
    "english_bias": [
      -1.3728813559322033,
      0.05084745762711895,
      -1.1694915254237288,
      0.15254237288135597
    ],
    "hindi_bias": [
      0.8644067796610173,
      1.2711864406779663,
      0.3559322033898309,
      -0.6610169491525424
    ]
  }
}